Details,Posting Date,Description,Amount,Type,Balance,Check or Slip #
CREDIT,09/18/2026,"TAMU RFD         TAMU RFD                   PPD ID: 7746000531",1775.00,ACH_CREDIT,2028.24,,
DEBIT,09/14/2026,"WM SUPERCENTER #4183 BRYAN TX                09/14",-53.68,DEBIT_CARD,253.24,,
DEBIT,09/14/2026,"CASH APP*AKHIL AZEMKOUO Oakland CA           09/14",-10.00,DEBIT_CARD,306.92,,
CREDIT,09/09/2026,"Zelle payment from ANNIE AZEMKOUO 30747167255",200.00,QUICKPAY_CREDIT,316.92,,
DEBIT,09/08/2026,"MENS WEARHOUSE #1257 COLLEGE STATI TX        09/07",-292.25,DEBIT_CARD,116.92,,
DEBIT,09/08/2026,"WM SUPERCENTER #4183 BRYAN TX                09/06",-5.98,DEBIT_CARD,409.17,,
DEBIT,09/08/2026,"WAL-MART #4183 BRYAN TX                      09/06",-51.60,DEBIT_CARD,415.15,,
DEBIT,09/08/2026,"365 VEND 4 TROY MI                           09/05",-2.35,DEBIT_CARD,466.75,,
CREDIT,09/08/2026,"Zelle payment from ANNIE AZEMKOUO 30728630591",40.00,QUICKPAY_CREDIT,469.10,,
CREDIT,09/08/2026,"Zelle payment from ANNIE AZEMKOUO 30730580814",100.00,QUICKPAY_CREDIT,429.10,,
CREDIT,09/08/2026,"Zelle payment from ANNIE AZEMKOUO 30728199597",200.00,QUICKPAY_CREDIT,329.10,,
DEBIT,09/02/2026,"AMAZON MKTPLACE PMTS Amzn.com/bill WA        09/02",38.95,DEBIT_CARD,129.10,,
DEBIT,09/01/2026,"Online Transfer to CHK ...2897 transaction#: 30647103507 09/01",-800.00,ACCT_XFER,90.15,,
DEBIT,09/01/2026,"Online Transfer to CHK ...2897 transaction#: 30636928362 09/01",-200.00,ACCT_XFER,890.15,,
DEBIT,09/01/2026,"AMAZON MKTPLACE PMTS Amzn.com/bill WA        08/31",21.49,DEBIT_CARD,1090.15,,
DEBIT,08/31/2026,"AMAZON MKTPL*5Q2XH5A Amzn.com/bill WA        08/29",-21.49,DEBIT_CARD,1068.66,,
CREDIT,08/27/2026,"39942A           PAYROLL                    PPD ID: 9111111101",112.49,ACH_CREDIT,1090.15,,
DEBIT,08/26/2026,"WM SUPERCENTER #4183 BRYAN TX                08/26",-10.94,DEBIT_CARD,977.66,,
DEBIT,08/25/2026,"CENGAGE LEARNING, INC 800-354-9706 MA        08/25",-184.01,DEBIT_CARD,988.60,,
CREDIT,08/25/2026,"TAMU RFD         TAMU RFD                   PPD ID: 7746000531",250.00,ACH_CREDIT,1172.61,,
DEBIT,08/24/2026,"WM SUPERCENTER #4183 BRYAN TX                08/22",-42.00,DEBIT_CARD,922.61,,
DEBIT,08/24/2026,"AMAZON MKTPL*5A5S34Y Amzn.com/bill WA        08/21",-19.33,DEBIT_CARD,964.61,,
DEBIT,08/24/2026,"AMAZON MKTPL*5A67O72 Amzn.com/bill WA        08/21",-20.46,DEBIT_CARD,983.94,,
DEBIT,08/24/2026,"AMAZON MKTPL*5A8H94S Amzn.com/bill WA        08/21",-36.97,DEBIT_CARD,1004.40,,
DEBIT,08/21/2026,"WM SUPERCENTER #4183 BRYAN TX                08/21",-26.74,DEBIT_CARD,1041.37,,
DEBIT,08/21/2026,"Amazon.com*5A1AT3232 Amzn.com/bill WA        08/21",-11.92,DEBIT_CARD,1068.11,,
DEBIT,08/21/2026,"FragranceNet.com Inc. 180-0727386 NY         08/21",-99.25,DEBIT_CARD,1080.03,,
DEBIT,08/20/2026,"Texas AM Univ    Texas AM   OPU16643759     WEB ID: 4746000531",-27.41,ACH_DEBIT,1179.28,,
DEBIT,08/20/2026,"AMAZON MKTPL*5A9649K Amzn.com/bill WA        08/20",-12.98,DEBIT_CARD,1206.69,,
DEBIT,08/20/2026,"AMAZON MKTPL*5A3MM7K Amzn.com/bill WA        08/20",-10.81,DEBIT_CARD,1219.67,,
DEBIT,08/20/2026,"APPLE.COM/BILL 866-712-7753 CA               08/20",-2.99,DEBIT_CARD,1230.48,,
CREDIT,08/20/2026,"39942A           PAYROLL                    PPD ID: 9111111101",537.03,ACH_CREDIT,1233.47,,
DEBIT,08/19/2026,"WALMART.COM 800-925-6278 AR                  08/19",-24.88,DEBIT_CARD,696.44,,
DEBIT,08/18/2026,"WAL-MART #4183 BRYAN TX                      08/18",-56.85,DEBIT_CARD,721.32,,
DEBIT,08/18/2026,"TARGET T-2428 BRYAN TX                       08/18",-65.95,DEBIT_CARD,778.17,,
DEBIT,08/18/2026,"Walmart+ Member 08/26 800-925-6278 AR        08/18",-1.08,DEBIT_CARD,844.12,,
DEBIT,08/18/2026,"028 TORCHYS OLO COLL COLLEGE STATI TX        08/18",-24.05,DEBIT_CARD,845.20,,
DEBIT,08/17/2026,"TARGET T-0800 COLLEGE STATI TX               08/16",-281.75,DEBIT_CARD,869.25,,
DEBIT,08/17/2026,"Zelle payment to Mr Thompson JPM99ctbyyxp",-1.00,CHASE_TO_PARTNERFI,1151.00,,
DEBIT,08/17/2026,"Zelle payment to Keyan Azemkouo 30432843294",-2.82,QUICKPAY_DEBIT,1152.00,,
DEBIT,08/17/2026,"WM SUPERCENTER #6300 PROSPER TX              08/15",-2.82,DEBIT_CARD,1154.82,,
DEBIT,08/17/2026,"HALO PIZZERIA 877-8144102 TX                 08/15",-39.48,DEBIT_CARD,1157.64,,
DEBIT,08/17/2026,"THE UPS STORE 7075 469-7774141 TX            08/15",-2.80,DEBIT_CARD,1197.12,,
DEBIT,08/17/2026,"WM SUPERCENTER #1250 CELINA TX               08/14",-28.15,DEBIT_CARD,1199.92,,
DEBIT,08/17/2026,"DESTINATION XL #9863 FRISCO TX               08/04",-338.00,DEBIT_CARD,1228.07,,
CREDIT,08/17/2026,"Zelle payment from SHEN AZEMKOUO 30419929997",5.00,QUICKPAY_CREDIT,1566.07,,
CREDIT,08/17/2026,"Zelle payment from ANNIE AZEMKOUO 30433955822",400.00,QUICKPAY_CREDIT,1561.07,,
DEBIT,08/13/2026,"UBER * PENDING WILMINGTON DE                 08/12",-13.95,DEBIT_CARD,1161.07,,
DEBIT,08/13/2026,"UBER * PENDING WILMINGTON DE                 08/12",-13.94,DEBIT_CARD,1175.02,,
DEBIT,08/13/2026,"7-ELEVEN 39942 PROSPER TX                    08/12",-2.79,DEBIT_CARD,1188.96,,
CREDIT,08/13/2026,"39942A           PAYROLL                    PPD ID: 9111111101",401.91,ACH_CREDIT,1191.75,,
DEBIT,08/12/2026,"7-ELEVEN 39942 PROSPER TX                    08/11",-4.29,DEBIT_CARD,789.84,,
DEBIT,08/11/2026,"TARGET T-2884 PROSPER TX                     08/09",5.40,DEBIT_CARD,794.13,,
DEBIT,08/10/2026,"TARGET T-2884 PROSPER TX                     08/09",-135.29,DEBIT_CARD,788.73,,
DEBIT,08/10/2026,"7-ELEVEN 39942 PROSPER TX                    08/08",-3.13,DEBIT_CARD,924.02,,
DEBIT,08/10/2026,"7-ELEVEN 39942 PROSPER TX                    08/07",-2.79,DEBIT_CARD,927.15,,
CREDIT,08/10/2026,"Zelle payment from ANNIE AZEMKOUO 30334618059",30.00,QUICKPAY_CREDIT,929.94,,
DEBIT,08/07/2026,"WAL-MART #1250 CELINA TX                     08/07",-23.00,DEBIT_CARD,899.94,,
DEBIT,08/06/2026,"TX DPS DL OFFICE AUSTIN TX                   08/05",-11.00,DEBIT_CARD,922.94,,
CREDIT,08/06/2026,"39942A           PAYROLL                    PPD ID: 9111111101",330.88,ACH_CREDIT,933.94,,
DEBIT,08/05/2026,"Zelle payment to Shen Azemkouo 30296870811",-5.00,QUICKPAY_DEBIT,603.06,,
DEBIT,08/05/2026,"ROSS STORE #491 FRISCO TX                    08/04",-90.88,DEBIT_CARD,608.06,,
DEBIT,08/05/2026,"TRADEHOME SHOES #39 FRISCO TX                08/04",-297.12,DEBIT_CARD,698.94,,
DEBIT,08/04/2026,"WAL-MART #1250 CELINA TX                     08/04",-21.62,DEBIT_CARD,996.06,,
DEBIT,08/04/2026,"TARGET T-1763 FRISCO TX                      08/04",-43.13,DEBIT_CARD,1017.68,,
DEBIT,08/03/2026,"7-ELEVEN 39942 PROSPER TX                    08/01",-2.59,DEBIT_CARD,1060.81,,
DEBIT,08/03/2026,"7-ELEVEN 39942 PROSPER TX                    08/01",-3.56,DEBIT_CARD,1063.40,,
DEBIT,08/03/2026,"7-ELEVEN 39942 PROSPER TX                    08/01",-2.79,DEBIT_CARD,1066.96,,
DEBIT,07/31/2026,"Zelle payment to Felicity JPM99cr8oqic",-13.00,CHASE_TO_PARTNERFI,1069.75,,
DEBIT,07/31/2026,"Amazon.com*5N1F44X92 Amzn.com/bill WA        07/30",-24.89,DEBIT_CARD,1082.75,,
DEBIT,07/31/2026,"Amazon.com*5N73G4VQ1 Amzn.com/bill WA        07/30",-206.04,DEBIT_CARD,1107.64,,
DEBIT,07/30/2026,"AMAZON MKTPL*B36B60F Amzn.com/bill WA        07/30",-38.95,DEBIT_CARD,1313.68,,
DEBIT,07/30/2026,"AMAZON MKTPL*QA9VQ4Y Amzn.com/bill WA        07/30",-32.46,DEBIT_CARD,1352.63,,
DEBIT,07/30/2026,"7-ELEVEN 39942 PROSPER TX                    07/29",-11.90,DEBIT_CARD,1385.09,,
CREDIT,07/30/2026,"Zelle payment from ANNIE AZEMKOUO 30200231518",170.00,QUICKPAY_CREDIT,1396.99,,
CREDIT,07/30/2026,"39942A           PAYROLL                    PPD ID: 9111111101",330.52,ACH_CREDIT,1226.99,,
DEBIT,07/30/2026,"AMAZON MKTPLACE PMTS Amzn.com/bill WA        07/30",29.22,DEBIT_CARD,896.47,,
DEBIT,07/29/2026,"7-ELEVEN 39942 PROSPER TX                    07/29",-4.03,DEBIT_CARD,867.25,,
DEBIT,07/29/2026,"AMAZON MKTPL*UY1835E Amzn.com/bill WA        07/28",-27.95,DEBIT_CARD,871.28,,
DEBIT,07/28/2026,"7-ELEVEN 39942 PROSPER TX                    07/27",-2.14,DEBIT_CARD,899.23,,
DEBIT,07/28/2026,"AMAZON MKTPL*GV65K1R Amzn.com/bill WA        07/28",-29.22,DEBIT_CARD,901.37,,
DEBIT,07/28/2026,"AMAZON MKTPL*LD5DU5I Amzn.com/bill WA        07/28",-81.18,DEBIT_CARD,930.59,,
DEBIT,07/28/2026,"AMAZON MKTPL*KB50471 Amzn.com/bill WA        07/28",-60.61,DEBIT_CARD,1011.77,,
DEBIT,07/27/2026,"AMAZON MKTPL*985XR9S Amzn.com/bill WA        07/27",-15.62,DEBIT_CARD,1072.38,,
DEBIT,07/27/2026,"AMAZON MKTPL*SO2Y20V Amzn.com/bill WA        07/27",-97.41,DEBIT_CARD,1088.00,,
DEBIT,07/27/2026,"WALMART.COM 800-925-6278 AR                  07/27",-173.09,DEBIT_CARD,1185.41,,
DEBIT,07/27/2026,"OFFICE DEPOT #2122 FRISCO TX                 07/26",-16.23,DEBIT_CARD,1358.50,,
DEBIT,07/27/2026,"7-ELEVEN 39942 PROSPER TX                    07/25",-2.79,DEBIT_CARD,1374.73,,
DEBIT,07/27/2026,"SUBWAY 43801 PLANO TX                        07/24",-24.76,DEBIT_CARD,1377.52,,
DEBIT,07/27/2026,"7-ELEVEN 37170 PLANO TX                      07/24",-4.79,DEBIT_CARD,1402.28,,
DEBIT,07/24/2026,"Zelle payment to Rashaad 30132793796",-135.00,QUICKPAY_DEBIT,1407.07,,
CREDIT,07/23/2026,"39942A           PAYROLL                    PPD ID: 9111111101",542.64,ACH_CREDIT,1542.07,,
DEBIT,07/20/2026,"APPLE.COM/BILL 866-712-7753 CA               07/19",-2.99,DEBIT_CARD,999.43,,
DEBIT,07/20/2026,"7-ELEVEN 39942 PROSPER TX                    07/17",-0.09,DEBIT_CARD,1002.42,,
DEBIT,07/20/2026,"7-ELEVEN 39942 PROSPER TX                    07/17",-1.00,DEBIT_CARD,1002.51,,
CREDIT,07/17/2026,"Zelle payment from ANNIE AZEMKOUO 30048732457",34.00,QUICKPAY_CREDIT,1003.51,,
DEBIT,07/16/2026,"7-ELEVEN 39942 PROSPER TX                    07/15",-0.79,DEBIT_CARD,969.51,,
DEBIT,07/16/2026,"7-ELEVEN 39942 PROSPER TX                    07/15",-4.54,DEBIT_CARD,970.30,,
CREDIT,07/16/2026,"39942A           PAYROLL                    PPD ID: 9111111101",55.90,ACH_CREDIT,974.84,,
CREDIT,07/16/2026,"39942A           PAYROLL                    PPD ID: 9111111101",333.36,ACH_CREDIT,918.94,,
DEBIT,07/13/2026,"TAMU PARKING PERMITS 979-862-7275 TX         07/13",-10.00,DEBIT_CARD,585.58,,
DEBIT,07/13/2026,"UBER TECHNOLOGIES, INC WILMINGTON DE         07/11",-17.94,DEBIT_CARD,595.58,,
DEBIT,07/13/2026,"7-ELEVEN 39942 PROSPER TX                    07/11",-4.00,DEBIT_CARD,613.52,,
DEBIT,07/13/2026,"7-ELEVEN 39942 PROSPER TX                    07/11",-2.79,DEBIT_CARD,617.52,,
DEBIT,07/13/2026,"AMAZON MKTPLACE PMTS Amzn.com/bill WA        07/11",12.10,DEBIT_CARD,620.31,,
DEBIT,07/13/2026,"AMAZON MKTPLACE PMTS Amzn.com/bill WA        07/11",32.46,DEBIT_CARD,608.21,,
DEBIT,07/10/2026,"WM SUPERCENTER #1250 CELINA TX               07/10",-4.62,DEBIT_CARD,575.75,,
CREDIT,07/09/2026,"39942A           PAYROLL                    PPD ID: 9111111101",327.66,ACH_CREDIT,580.37,,
DEBIT,07/08/2026,"7-ELEVEN 39942 PROSPER TX                    07/07",-1.89,DEBIT_CARD,252.71,,
DEBIT,07/07/2026,"7-ELEVEN 39942 PROSPER TX                    07/06",-3.79,DEBIT_CARD,254.60,,
DEBIT,07/07/2026,"7-ELEVEN 39942 PROSPER TX                    07/06",-2.79,DEBIT_CARD,258.39,,
DEBIT,07/07/2026,"AMAZON MKTPL*VN7ZJ17 Amzn.com/bill WA        07/07",-32.43,DEBIT_CARD,261.18,,
DEBIT,07/06/2026,"CTLP*CSC SERVICEWORKS MELVILLE NY            07/05",-3.00,DEBIT_CARD,293.61,,
DEBIT,07/06/2026,"WALMART #1250 CELINA TX                      07/05",-8.71,DEBIT_CARD,296.61,,
DEBIT,07/06/2026,"COSTCO WHSE #1097 FRISCO TX          895959  07/05",-265.78,DEBIT_CARD,305.32,,
DEBIT,07/06/2026,"7-ELEVEN CELINA TX                           07/04 Purchase $4.54 Cash Back $5.00",-9.54,DEBIT_CARD,571.10,,
CREDIT,07/06/2026,"Zelle payment from ANNIE AZEMKOUO 29895471473",266.00,QUICKPAY_CREDIT,580.64,,
DEBIT,07/02/2026,"WALMART #1250 CELINA TX                      07/02",-28.32,DEBIT_CARD,314.64,,
DEBIT,07/02/2026,"7-ELEVEN 39942 PROSPER TX                    07/01",-4.00,DEBIT_CARD,342.96,,
CREDIT,07/02/2026,"39942A           PAYROLL                    PPD ID: 9111111101",329.89,ACH_CREDIT,346.96,,
DEBIT,07/01/2026,"UBER TECHNOLOGIES, INC WILMINGTON DE         06/30",-18.94,DEBIT_CARD,17.07,,
DEBIT,07/01/2026,"7-ELEVEN 39942 PROSPER TX                    06/30",-2.79,DEBIT_CARD,36.01,,
DEBIT,06/29/2026,"SARKU JAPAN 273 FRISCO TX                    06/28",-6.47,DEBIT_CARD,38.80,,
DEBIT,06/29/2026,"SARKU JAPAN 273 FRISCO TX                    06/28",-33.08,DEBIT_CARD,45.27,,
DEBIT,06/29/2026,"7-ELEVEN 39942 PROSPER TX                    06/27",-2.79,DEBIT_CARD,78.35,,
DEBIT,06/29/2026,"AMAZON MKTPL*W01X38T Amzn.com/bill WA        06/27",-676.54,DEBIT_CARD,81.14,,
DEBIT,06/26/2026,"AMAZON MKTPL*KU30L9L Amzn.com/bill WA        06/25",-140.73,DEBIT_CARD,757.68,,
CREDIT,06/25/2026,"Online Transfer from CHK ...2897 transaction#: 29752125027",90.00,ACCT_XFER,898.41,,
CREDIT,06/25/2026,"39942A           PAYROLL                    PPD ID: 9111111101",332.12,ACH_CREDIT,808.41,,
DEBIT,06/23/2026,"7-ELEVEN 39942 PROSPER TX                    06/22",-4.54,DEBIT_CARD,476.29,,
DEBIT,06/22/2026,"7-ELEVEN CELINA TX                           06/20 Purchase $1.00 Cash Back $10.00",-11.00,DEBIT_CARD,480.83,,
DEBIT,06/22/2026,"7-ELEVEN 39942 PROSPER TX                    06/20",-10.83,DEBIT_CARD,491.83,,
DEBIT,06/22/2026,"7-ELEVEN 39942 PROSPER TX                    06/20",-2.79,DEBIT_CARD,502.66,,
DEBIT,06/22/2026,"APPLE.COM/BILL 866-712-7753 CA               06/19",-2.99,DEBIT_CARD,505.45,,
DEBIT,06/22/2026,"CHICK-FIL-A #05120 BELLMEAD TX               06/17",-3.24,DEBIT_CARD,508.44,,
DEBIT,06/18/2026,"MCDONALD'S F11477 LAKEVIEW TX                06/17",-13.63,DEBIT_CARD,511.68,,
CREDIT,06/18/2026,"39942A           PAYROLL                    PPD ID: 9111111101",432.41,ACH_CREDIT,525.31,,
DEBIT,06/17/2026,"TST*RX PIZZA & BAR Bryan TX                  06/16",-47.90,DEBIT_CARD,92.90,,
DEBIT,06/17/2026,"7-ELEVEN 39942 PROSPER TX                    06/16",-4.54,DEBIT_CARD,140.80,,
CREDIT,06/17/2026,"Zelle payment from ANNIE AZEMKOUO 29654380504",25.00,QUICKPAY_CREDIT,145.34,,
CREDIT,06/16/2026,"Zelle payment from ANNIE AZEMKOUO 29647760754",100.00,QUICKPAY_CREDIT,120.34,,
DEBIT,06/15/2026,"7-ELEVEN CELINA TX                           06/13 Purchase $2.79 Cash Back $5.00",-7.79,DEBIT_CARD,20.34,,
DEBIT,06/15/2026,"7-ELEVEN 39942 PROSPER TX                    06/12",-1.00,DEBIT_CARD,28.13,,
DEBIT,06/15/2026,"7-ELEVEN 39942 PROSPER TX                    06/12",-1.00,DEBIT_CARD,29.13,,
DEBIT,06/11/2026,"Online Transfer to CHK ...2897 transaction#: 29575267115 06/11",-375.00,ACCT_XFER,30.13,,
CREDIT,06/11/2026,"39942A           PAYROLL                    PPD ID: 9111111101",402.53,ACH_CREDIT,405.13,,
DEBIT,06/10/2026,"CERTUS FUSION TRAINI WWW.CERTUS.CO FL        06/09",-19.95,DEBIT_CARD,2.60,,
DEBIT,06/09/2026,"7-ELEVEN 39942 PROSPER TX                    06/08",-1.89,DEBIT_CARD,22.55,,
DEBIT,06/09/2026,"7-ELEVEN 39942 PROSPER TX                    06/08",-2.50,DEBIT_CARD,24.44,,
DEBIT,06/08/2026,"Online Transfer to CHK ...2897 transaction#: 29535188520 06/08",-200.00,ACCT_XFER,26.94,,
DEBIT,06/08/2026,"7-ELEVEN 39942 PROSPER TX                    06/06",-2.50,DEBIT_CARD,226.94,,
DEBIT,06/08/2026,"7-ELEVEN 39942 PROSPER TX                    06/06",-5.00,DEBIT_CARD,229.44,,
DEBIT,06/08/2026,"7-ELEVEN 39942 PROSPER TX                    06/05",-4.64,DEBIT_CARD,234.44,,
DEBIT,06/05/2026,"WAL-MART #1250 CELINA TX                     06/04",-18.29,DEBIT_CARD,239.08,,
DEBIT,06/04/2026,"7-ELEVEN CELINA TX                           06/04",-3.78,DEBIT_CARD,257.37,,
DEBIT,06/04/2026,"7-ELEVEN CELINA TX                           06/04",-2.50,DEBIT_CARD,261.15,,
CREDIT,06/04/2026,"39942A           PAYROLL                    PPD ID: 9111111101",223.99,ACH_CREDIT,263.65,,
DEBIT,06/02/2026,"WAL-MART #1250 CELINA TX                     06/02",-30.89,DEBIT_CARD,39.66,,
DEBIT,06/01/2026,"7-ELEVEN CELINA TX                           06/01",-3.78,DEBIT_CARD,70.55,,
DEBIT,06/01/2026,"7-ELEVEN CELINA TX                           06/01",-2.39,DEBIT_CARD,74.33,,
DEBIT,06/01/2026,"7-ELEVEN CELINA TX                           05/30",-1.89,DEBIT_CARD,76.72,,
DEBIT,06/01/2026,"7-ELEVEN 39942 PROSPER TX                    05/29",-2.39,DEBIT_CARD,78.61,,
DEBIT,05/29/2026,"7-ELEVEN CELINA TX                           05/29",-5.00,DEBIT_CARD,81.00,,
DEBIT,05/28/2026,"WM SUPERCENTER #1250 CELINA TX               05/28",-13.25,DEBIT_CARD,86.00,,
DEBIT,05/27/2026,"TABCPRONTO.COM TABCPRONTO.CO TX              05/26",-16.98,DEBIT_CARD,99.25,,
CREDIT,05/27/2026,"Online Transfer from CHK ...2897 transaction#: 29372640168",114.00,ACCT_XFER,116.23,,
DEBIT,05/26/2026,"WAL-MART #1250 CELINA TX                     05/26",-46.44,DEBIT_CARD,2.23,,
DEBIT,05/26/2026,"WALMART #1250 CELINA TX                      05/24",-3.77,DEBIT_CARD,48.67,,
DEBIT,05/26/2026,"WALMART #1250 CELINA TX                      05/22",-3.64,DEBIT_CARD,52.44,,
DEBIT,05/26/2026,"SQ *JOSTENS Celina TX                        05/22",-18.00,DEBIT_CARD,56.08,,
DEBIT,05/26/2026,"HILTON GARDEN INN FANDB AUSTIN TX            05/18",-45.01,DEBIT_CARD,74.08,,
DEBIT,05/22/2026,"SQ *TERRY?S DONUT CELIN Celina TX            05/22",-2.80,DEBIT_CARD,119.09,,
DEBIT,05/22/2026,"SQ *TERRY?S DONUT CELIN Celina TX            05/22",-4.52,DEBIT_CARD,121.89,,
CREDIT,05/22/2026,"Zelle payment from ANNIE AZEMKOUO 29328250993",15.00,QUICKPAY_CREDIT,126.41,,
DEBIT,05/18/2026,"CVS/PHARMACY #11 11276 FRISCO TX     141821  05/16",-29.31,DEBIT_CARD,111.41,,
DEBIT,05/18/2026,"COSTCO WHSE #1097 FRISCO TX                  05/16",-77.46,DEBIT_CARD,140.72,,
DEBIT,05/18/2026,"Zelle payment to Rashaad 29245418306",-85.00,QUICKPAY_DEBIT,218.18,,
CREDIT,05/18/2026,"Zelle payment from ANNIE AZEMKOUO 29255177087",100.00,QUICKPAY_CREDIT,303.18,,
CREDIT,05/18/2026,"Zelle payment from ANNIE AZEMKOUO 29243978367",200.00,QUICKPAY_CREDIT,203.18,,
DEBIT,05/15/2026,"WM SUPERCENTER #1250 CELINA TX               05/15",-2.98,DEBIT_CARD,3.18,,
DEBIT,05/05/2026,"Zelle payment to Shen Azemkouo 29105141157",-45.00,QUICKPAY_DEBIT,6.16,,
DEBIT,05/05/2026,"Online Transfer to CHK ...2897 transaction#: 29099431573 05/05",-450.00,ACCT_XFER,51.16,,
CREDIT,05/05/2026,"Zelle payment from ANNIE AZEMKOUO 29098311574",500.00,QUICKPAY_CREDIT,501.16,,
DEBIT,05/04/2026,"Zelle payment to Shen Azemkouo 29063634413",-30.00,QUICKPAY_DEBIT,1.16,,
DEBIT,05/04/2026,"MEDPROCTOR 434-2842781 TN                    04/30",-7.50,DEBIT_CARD,31.16,,
DEBIT,04/27/2026,"TEXAS A&M STAR COMMERCE TX                   04/25",-12.45,DEBIT_CARD,38.66,,
CREDIT,04/21/2026,"Online Transfer from CHK ...2897 transaction#: 28910430051",50.00,ACCT_XFER,51.11,,
DEBIT,04/17/2026,"SQ *CELINA BAND BOOSTER Celina TX            04/16",-2.05,DEBIT_CARD,1.11,,
DEBIT,04/13/2026,"COSTCO WHSE #1694 PROSPER TX                 04/12",-71.71,DEBIT_CARD,3.16,,
DEBIT,04/13/2026,"SQ *CELINA INDEPENDENT Celina TX             04/10",-1.60,DEBIT_CARD,74.87,,
DEBIT,04/10/2026,"SQ *CELINA INDEPENDENT Celina TX             04/09",-3.00,DEBIT_CARD,76.47,,
DEBIT,04/09/2026,"SQ *CELINA INDEPENDENT Celina TX             04/08",-3.00,DEBIT_CARD,79.47,,
DEBIT,04/08/2026,"SQ *CELINA INDEPENDENT Celina TX             04/07",-3.35,DEBIT_CARD,82.47,,
DEBIT,04/06/2026,"Zelle payment to Rashaad 28729069277",-136.00,QUICKPAY_DEBIT,85.82,,
DEBIT,04/03/2026,"SQ *CELINA INDEPENDENT Celina TX             04/02",-1.60,DEBIT_CARD,221.82,,
DEBIT,04/01/2026,"SQ *CELINA INDEPENDENT Celina TX             03/31",-1.60,DEBIT_CARD,223.42,,
DEBIT,03/30/2026,"SQ *CELINA INDEPENDENT Celina TX             03/27",-3.00,DEBIT_CARD,225.02,,
DEBIT,03/27/2026,"SQ *CELINA INDEPENDENT Celina TX             03/26",-1.60,DEBIT_CARD,228.02,,
CREDIT,03/24/2026,"$125 for New Checking",125.00,MISC_CREDIT,229.62,,
CREDIT,03/24/2026,"Online Transfer from CHK ...2897 transaction#: 28548419987",9.00,ACCT_XFER,104.62,,
DEBIT,03/17/2026,"TAMU COMMONS C-STORE COLLEGE STATI TX        03/16",-6.38,DEBIT_CARD,95.62,,
DEBIT,03/13/2026,"SQ *CELINA INDEPENDENT Celina TX             03/13",-3.00,DEBIT_CARD,102.00,,
DEBIT,03/13/2026,"SQ *CELINA INDEPENDENT Celina TX             03/12",-3.00,DEBIT_CARD,105.00,,
DEBIT,03/10/2026,"SQ *CELINA INDEPENDENT Celina TX             03/09",-2.00,DEBIT_CARD,108.00,,
DEBIT,03/10/2026,"CASH APP*AKHIL AZEMKOU OAKLAND CA    232096  03/10",10.00,DEBIT_CARD,110.00,,
CREDIT,03/02/2026,"Zelle payment from Annie Azemkouo COFDHHSK3F8C",100.00,PARTNERFI_TO_CHASE,100.00,,
